id_mp,production_line,id_kategori_produk,id_proses,Tipe Proses,Skill,
1,DRY,5,4,FLAT-KONDUKTOR 1,2,4
1,DRY,5,4,FLAT-KONDUKTOR 2-3,2,5
1,DRY,5,4,FLAT-KONDUKTOR 4-8,2,6
1,DRY,5,4,FLAT-KONDUKTOR >8,1,7
1,DRY,5,4,ROUND-KONDUKTOR 1,1,12
1,DRY,5,4,ROUND-KONDUKTOR 2-3,2,13
1,DRY,5,4,ROUND-KONDUKTOR 4-8,2,14
1,DRY,5,4,ROUND-KONDUKTOR >8,0,15
1,DRY,5,3,FLAT-KONDUKTOR 1,1,4
1,DRY,5,3,FLAT-KONDUKTOR 2-3,0,5
1,DRY,5,3,FLAT-KONDUKTOR 4-8,1,6
1,DRY,5,3,FLAT-KONDUKTOR >8,2,7
1,DRY,5,3,SHEET-KONDUKTOR 1,3,8
1,DRY,5,3,SHEET-KONDUKTOR 2-3,1,9
1,DRY,5,3,ROUND-KONDUKTOR 1,4,12
1,DRY,5,3,ROUND-KONDUKTOR 2-3,3,13
1,DRY,5,5,TEBAL RAIL COPPER = 10T,0,#N/A
1,DRY,5,5,TEBAL RAIL COPPER < 10T,4,60
1,DRY,5,5,COPPAL BAR,2,61
1,DRY,5,6,DOG BONE,1,65
1,DRY,5,6,INNER,4,63
1,DRY,5,6,OUTER,1,64
1,DRY,5,6,GANJAL ANTAR SECTION,1,66
1,DRY,5,10,KONDUKTOR 1,4,86
1,DRY,5,10,KONDUKTOR 2-3,2,87
1,DRY,5,10,KONDUKTOR 4-6,1,88
1,DRY,5,11,1X PENGISIAN,1,89
1,DRY,5,11,2X PENGISIAN,4,90
1,DRY,5,12,PAKAI AIRWAY STICK,1,91
1,DRY,5,12,TIDAK PAKAI AIRWAY STICK,3,92
1,DRY,5,13,PENGECATAN COIL LV & CURING,1,93
1,DRY,5,13,BUKA BOBIN LV,1,#N/A
1,DRY,5,14,SETTING MOULD,2,95
1,DRY,5,14,MOULDING,1,#N/A
1,DRY,5,14,CASTING 1 X PROSES PENGISIAN,0,#N/A
1,DRY,5,14,CASTING 2 X PROSES PENGISIAN,1,#N/A
1,DRY,5,15,HV,3,#N/A
1,DRY,5,15,LV,0,#N/A
1,DRY,5,16,STACKING OUTSOURCHING,2,#N/A
1,DRY,5,16,STACKING INHOUSE,0,#N/A
1,DRY,5,19,NON-COMPLETE,4,#N/A
1,DRY,5,19,COMPLETE,2,#N/A
1,DRY,5,20,DENGAN BASE,4,#N/A
1,DRY,5,20,TANPA BASE,3,#N/A
1,DRY,5,21,DENGAN BASE,3,#N/A
1,DRY,5,21,TANPA BASE,3,#N/A
1,DRY,5,22,HV / LV (STANDARD),0,#N/A
1,DRY,5,22,HV + LV (STANDARD),2,#N/A
1,DRY,5,22,HV / LV (NON-STANDARD),1,#N/A
1,DRY,5,22,HV + LV (NON-STANDARD),4,#N/A
1,DRY,5,23,PEMBUATAN CU BAR,3,#N/A
1,DRY,5,23,PEMBUATAN KONEKSI HV,1,#N/A
1,DRY,5,23,ASSEMBLY,4,#N/A
1,DRY,5,23,FINISHING,0,#N/A
1,DRY,5,#N/A,FAN,2,#N/A
1,DRY,5,#N/A,OLTC,1,#N/A
1,DRY,5,#N/A,LEM SPACER BLOCK/AIR GAP,2,#N/A
1,DRY,5,25,PULLING BOARD,4,#N/A
1,DRY,5,25,FIXING PART INSULATION,4,#N/A
8,DRY,5,4,FLAT-KONDUKTOR 1,2,4
8,DRY,5,4,FLAT-KONDUKTOR 2-3,2,5
8,DRY,5,4,FLAT-KONDUKTOR 4-8,2,6
8,DRY,5,4,FLAT-KONDUKTOR >8,3,7
8,DRY,5,4,ROUND-KONDUKTOR 1,1,12
8,DRY,5,4,ROUND-KONDUKTOR 2-3,2,13
8,DRY,5,4,ROUND-KONDUKTOR 4-8,2,14
8,DRY,5,4,ROUND-KONDUKTOR >8,2,15
8,DRY,5,3,FLAT-KONDUKTOR 1,4,4
8,DRY,5,3,FLAT-KONDUKTOR 2-3,3,5
8,DRY,5,3,FLAT-KONDUKTOR 4-8,4,6
8,DRY,5,3,FLAT-KONDUKTOR >8,0,7
8,DRY,5,3,SHEET-KONDUKTOR 1,2,8
8,DRY,5,3,SHEET-KONDUKTOR 2-3,4,9
8,DRY,5,3,ROUND-KONDUKTOR 1,4,12
8,DRY,5,3,ROUND-KONDUKTOR 2-3,0,13
8,DRY,5,5,TEBAL RAIL COPPER = 10T,4,#N/A
8,DRY,5,5,TEBAL RAIL COPPER < 10T,3,60
8,DRY,5,5,COPPAL BAR,1,61
8,DRY,5,6,DOG BONE,1,65
8,DRY,5,6,INNER,2,63
8,DRY,5,6,OUTER,3,64
8,DRY,5,6,GANJAL ANTAR SECTION,1,66
8,DRY,5,10,KONDUKTOR 1,4,86
8,DRY,5,10,KONDUKTOR 2-3,1,87
8,DRY,5,10,KONDUKTOR 4-6,1,88
8,DRY,5,11,1X PENGISIAN,1,89
8,DRY,5,11,2X PENGISIAN,2,90
8,DRY,5,12,PAKAI AIRWAY STICK,1,91
8,DRY,5,12,TIDAK PAKAI AIRWAY STICK,0,92
8,DRY,5,13,PENGECATAN COIL LV & CURING,0,93
8,DRY,5,13,BUKA BOBIN LV,3,#N/A
8,DRY,5,14,SETTING MOULD,2,95
8,DRY,5,14,MOULDING,2,#N/A
8,DRY,5,14,CASTING 1 X PROSES PENGISIAN,1,#N/A
8,DRY,5,14,CASTING 2 X PROSES PENGISIAN,2,#N/A
8,DRY,5,15,HV,2,#N/A
8,DRY,5,15,LV,1,#N/A
8,DRY,5,16,STACKING OUTSOURCHING,3,#N/A
8,DRY,5,16,STACKING INHOUSE,0,#N/A
8,DRY,5,19,NON-COMPLETE,2,#N/A
8,DRY,5,19,COMPLETE,0,#N/A
8,DRY,5,20,DENGAN BASE,0,#N/A
8,DRY,5,20,TANPA BASE,3,#N/A
8,DRY,5,21,DENGAN BASE,2,#N/A
8,DRY,5,21,TANPA BASE,2,#N/A
8,DRY,5,22,HV / LV (STANDARD),0,#N/A
8,DRY,5,22,HV + LV (STANDARD),1,#N/A
8,DRY,5,22,HV / LV (NON-STANDARD),0,#N/A
8,DRY,5,22,HV + LV (NON-STANDARD),2,#N/A
8,DRY,5,23,PEMBUATAN CU BAR,3,#N/A
8,DRY,5,23,PEMBUATAN KONEKSI HV,0,#N/A
8,DRY,5,23,ASSEMBLY,4,#N/A
8,DRY,5,23,FINISHING,2,#N/A
8,DRY,5,#N/A,FAN,1,#N/A
8,DRY,5,#N/A,OLTC,1,#N/A
8,DRY,5,#N/A,LEM SPACER BLOCK/AIR GAP,3,#N/A
8,DRY,5,25,PULLING BOARD,3,#N/A
8,DRY,5,25,FIXING PART INSULATION,1,#N/A
16,DRY,5,4,FLAT-KONDUKTOR 1,2,4
16,DRY,5,4,FLAT-KONDUKTOR 2-3,4,5
16,DRY,5,4,FLAT-KONDUKTOR 4-8,2,6
16,DRY,5,4,FLAT-KONDUKTOR >8,3,7
16,DRY,5,4,ROUND-KONDUKTOR 1,1,12
16,DRY,5,4,ROUND-KONDUKTOR 2-3,0,13
16,DRY,5,4,ROUND-KONDUKTOR 4-8,1,14
16,DRY,5,4,ROUND-KONDUKTOR >8,2,15
16,DRY,5,3,FLAT-KONDUKTOR 1,1,4
16,DRY,5,3,FLAT-KONDUKTOR 2-3,2,5
16,DRY,5,3,FLAT-KONDUKTOR 4-8,2,6
16,DRY,5,3,FLAT-KONDUKTOR >8,1,7
16,DRY,5,3,SHEET-KONDUKTOR 1,4,8
16,DRY,5,3,SHEET-KONDUKTOR 2-3,1,9
16,DRY,5,3,ROUND-KONDUKTOR 1,2,12
16,DRY,5,3,ROUND-KONDUKTOR 2-3,2,13
16,DRY,5,5,TEBAL RAIL COPPER = 10T,2,#N/A
16,DRY,5,5,TEBAL RAIL COPPER < 10T,2,60
16,DRY,5,5,COPPAL BAR,0,61
16,DRY,5,6,DOG BONE,2,65
16,DRY,5,6,INNER,2,63
16,DRY,5,6,OUTER,3,64
16,DRY,5,6,GANJAL ANTAR SECTION,1,66
16,DRY,5,10,KONDUKTOR 1,0,86
16,DRY,5,10,KONDUKTOR 2-3,0,87
16,DRY,5,10,KONDUKTOR 4-6,1,88
16,DRY,5,11,1X PENGISIAN,0,89
16,DRY,5,11,2X PENGISIAN,2,90
16,DRY,5,12,PAKAI AIRWAY STICK,1,91
16,DRY,5,12,TIDAK PAKAI AIRWAY STICK,2,92
16,DRY,5,13,PENGECATAN COIL LV & CURING,2,93
16,DRY,5,13,BUKA BOBIN LV,1,#N/A
16,DRY,5,14,SETTING MOULD,1,95
16,DRY,5,14,MOULDING,1,#N/A
16,DRY,5,14,CASTING 1 X PROSES PENGISIAN,2,#N/A
16,DRY,5,14,CASTING 2 X PROSES PENGISIAN,3,#N/A
16,DRY,5,15,HV,4,#N/A
16,DRY,5,15,LV,2,#N/A
16,DRY,5,16,STACKING OUTSOURCHING,4,#N/A
16,DRY,5,16,STACKING INHOUSE,1,#N/A
16,DRY,5,19,NON-COMPLETE,2,#N/A
16,DRY,5,19,COMPLETE,2,#N/A
16,DRY,5,20,DENGAN BASE,2,#N/A
16,DRY,5,20,TANPA BASE,1,#N/A
16,DRY,5,21,DENGAN BASE,2,#N/A
16,DRY,5,21,TANPA BASE,2,#N/A
16,DRY,5,22,HV / LV (STANDARD),1,#N/A
16,DRY,5,22,HV + LV (STANDARD),2,#N/A
16,DRY,5,22,HV / LV (NON-STANDARD),3,#N/A
16,DRY,5,22,HV + LV (NON-STANDARD),3,#N/A
16,DRY,5,23,PEMBUATAN CU BAR,2,#N/A
16,DRY,5,23,PEMBUATAN KONEKSI HV,3,#N/A
16,DRY,5,23,ASSEMBLY,2,#N/A
16,DRY,5,23,FINISHING,0,#N/A
16,DRY,5,#N/A,FAN,3,#N/A
16,DRY,5,#N/A,OLTC,3,#N/A
16,DRY,5,#N/A,LEM SPACER BLOCK/AIR GAP,0,#N/A
16,DRY,5,25,PULLING BOARD,2,#N/A
16,DRY,5,25,FIXING PART INSULATION,1,#N/A
19,DRY,5,4,FLAT-KONDUKTOR 1,0,4
19,DRY,5,4,FLAT-KONDUKTOR 2-3,0,5
19,DRY,5,4,FLAT-KONDUKTOR 4-8,3,6
19,DRY,5,4,FLAT-KONDUKTOR >8,3,7
19,DRY,5,4,ROUND-KONDUKTOR 1,2,12
19,DRY,5,4,ROUND-KONDUKTOR 2-3,3,13
19,DRY,5,4,ROUND-KONDUKTOR 4-8,2,14
19,DRY,5,4,ROUND-KONDUKTOR >8,2,15
19,DRY,5,3,FLAT-KONDUKTOR 1,0,4
19,DRY,5,3,FLAT-KONDUKTOR 2-3,4,5
19,DRY,5,3,FLAT-KONDUKTOR 4-8,1,6
19,DRY,5,3,FLAT-KONDUKTOR >8,1,7
19,DRY,5,3,SHEET-KONDUKTOR 1,2,8
19,DRY,5,3,SHEET-KONDUKTOR 2-3,1,9
19,DRY,5,3,ROUND-KONDUKTOR 1,1,12
19,DRY,5,3,ROUND-KONDUKTOR 2-3,1,13
19,DRY,5,5,TEBAL RAIL COPPER = 10T,3,#N/A
19,DRY,5,5,TEBAL RAIL COPPER < 10T,0,60
19,DRY,5,5,COPPAL BAR,2,61
19,DRY,5,6,DOG BONE,1,65
19,DRY,5,6,INNER,2,63
19,DRY,5,6,OUTER,3,64
19,DRY,5,6,GANJAL ANTAR SECTION,1,66
19,DRY,5,10,KONDUKTOR 1,2,86
19,DRY,5,10,KONDUKTOR 2-3,1,87
19,DRY,5,10,KONDUKTOR 4-6,2,88
19,DRY,5,11,1X PENGISIAN,0,89
19,DRY,5,11,2X PENGISIAN,1,90
19,DRY,5,12,PAKAI AIRWAY STICK,0,91
19,DRY,5,12,TIDAK PAKAI AIRWAY STICK,2,92
19,DRY,5,13,PENGECATAN COIL LV & CURING,2,93
19,DRY,5,13,BUKA BOBIN LV,1,#N/A
19,DRY,5,14,SETTING MOULD,2,95
19,DRY,5,14,MOULDING,2,#N/A
19,DRY,5,14,CASTING 1 X PROSES PENGISIAN,2,#N/A
19,DRY,5,14,CASTING 2 X PROSES PENGISIAN,1,#N/A
19,DRY,5,15,HV,0,#N/A
19,DRY,5,15,LV,1,#N/A
19,DRY,5,16,STACKING OUTSOURCHING,4,#N/A
19,DRY,5,16,STACKING INHOUSE,0,#N/A
19,DRY,5,19,NON-COMPLETE,3,#N/A
19,DRY,5,19,COMPLETE,2,#N/A
19,DRY,5,20,DENGAN BASE,3,#N/A
19,DRY,5,20,TANPA BASE,4,#N/A
19,DRY,5,21,DENGAN BASE,1,#N/A
19,DRY,5,21,TANPA BASE,2,#N/A
19,DRY,5,22,HV / LV (STANDARD),1,#N/A
19,DRY,5,22,HV + LV (STANDARD),0,#N/A
19,DRY,5,22,HV / LV (NON-STANDARD),2,#N/A
19,DRY,5,22,HV + LV (NON-STANDARD),2,#N/A
19,DRY,5,23,PEMBUATAN CU BAR,2,#N/A
19,DRY,5,23,PEMBUATAN KONEKSI HV,1,#N/A
19,DRY,5,23,ASSEMBLY,2,#N/A
19,DRY,5,23,FINISHING,1,#N/A
19,DRY,5,#N/A,FAN,3,#N/A
19,DRY,5,#N/A,OLTC,1,#N/A
19,DRY,5,#N/A,LEM SPACER BLOCK/AIR GAP,1,#N/A
19,DRY,5,25,PULLING BOARD,1,#N/A
19,DRY,5,25,FIXING PART INSULATION,1,#N/A
22,DRY,5,4,FLAT-KONDUKTOR 1,0,4
22,DRY,5,4,FLAT-KONDUKTOR 2-3,4,5
22,DRY,5,4,FLAT-KONDUKTOR 4-8,1,6
22,DRY,5,4,FLAT-KONDUKTOR >8,1,7
22,DRY,5,4,ROUND-KONDUKTOR 1,0,12
22,DRY,5,4,ROUND-KONDUKTOR 2-3,1,13
22,DRY,5,4,ROUND-KONDUKTOR 4-8,3,14
22,DRY,5,4,ROUND-KONDUKTOR >8,1,15
22,DRY,5,3,FLAT-KONDUKTOR 1,1,4
22,DRY,5,3,FLAT-KONDUKTOR 2-3,3,5
22,DRY,5,3,FLAT-KONDUKTOR 4-8,3,6
22,DRY,5,3,FLAT-KONDUKTOR >8,1,7
22,DRY,5,3,SHEET-KONDUKTOR 1,3,8
22,DRY,5,3,SHEET-KONDUKTOR 2-3,3,9
22,DRY,5,3,ROUND-KONDUKTOR 1,1,12
22,DRY,5,3,ROUND-KONDUKTOR 2-3,2,13
22,DRY,5,5,TEBAL RAIL COPPER = 10T,2,#N/A
22,DRY,5,5,TEBAL RAIL COPPER < 10T,4,60
22,DRY,5,5,COPPAL BAR,2,61
22,DRY,5,6,DOG BONE,2,65
22,DRY,5,6,INNER,0,63
22,DRY,5,6,OUTER,3,64
22,DRY,5,6,GANJAL ANTAR SECTION,0,66
22,DRY,5,10,KONDUKTOR 1,1,86
22,DRY,5,10,KONDUKTOR 2-3,2,87
22,DRY,5,10,KONDUKTOR 4-6,2,88
22,DRY,5,11,1X PENGISIAN,2,89
22,DRY,5,11,2X PENGISIAN,4,90
22,DRY,5,12,PAKAI AIRWAY STICK,3,91
22,DRY,5,12,TIDAK PAKAI AIRWAY STICK,3,92
22,DRY,5,13,PENGECATAN COIL LV & CURING,1,93
22,DRY,5,13,BUKA BOBIN LV,2,#N/A
22,DRY,5,14,SETTING MOULD,1,95
22,DRY,5,14,MOULDING,1,#N/A
22,DRY,5,14,CASTING 1 X PROSES PENGISIAN,1,#N/A
22,DRY,5,14,CASTING 2 X PROSES PENGISIAN,1,#N/A
22,DRY,5,15,HV,1,#N/A
22,DRY,5,15,LV,0,#N/A
22,DRY,5,16,STACKING OUTSOURCHING,2,#N/A
22,DRY,5,16,STACKING INHOUSE,2,#N/A
22,DRY,5,19,NON-COMPLETE,0,#N/A
22,DRY,5,19,COMPLETE,3,#N/A
22,DRY,5,20,DENGAN BASE,2,#N/A
22,DRY,5,20,TANPA BASE,2,#N/A
22,DRY,5,21,DENGAN BASE,0,#N/A
22,DRY,5,21,TANPA BASE,2,#N/A
22,DRY,5,22,HV / LV (STANDARD),2,#N/A
22,DRY,5,22,HV + LV (STANDARD),3,#N/A
22,DRY,5,22,HV / LV (NON-STANDARD),2,#N/A
22,DRY,5,22,HV + LV (NON-STANDARD),2,#N/A
22,DRY,5,23,PEMBUATAN CU BAR,1,#N/A
22,DRY,5,23,PEMBUATAN KONEKSI HV,1,#N/A
22,DRY,5,23,ASSEMBLY,1,#N/A
22,DRY,5,23,FINISHING,1,#N/A
22,DRY,5,#N/A,FAN,3,#N/A
22,DRY,5,#N/A,OLTC,1,#N/A
22,DRY,5,#N/A,LEM SPACER BLOCK/AIR GAP,1,#N/A
22,DRY,5,25,PULLING BOARD,1,#N/A
22,DRY,5,25,FIXING PART INSULATION,2,#N/A
28,DRY,5,4,FLAT-KONDUKTOR 1,0,4
28,DRY,5,4,FLAT-KONDUKTOR 2-3,4,5
28,DRY,5,4,FLAT-KONDUKTOR 4-8,3,6
28,DRY,5,4,FLAT-KONDUKTOR >8,3,7
28,DRY,5,4,ROUND-KONDUKTOR 1,0,12
28,DRY,5,4,ROUND-KONDUKTOR 2-3,3,13
28,DRY,5,4,ROUND-KONDUKTOR 4-8,1,14
28,DRY,5,4,ROUND-KONDUKTOR >8,1,15
28,DRY,5,3,FLAT-KONDUKTOR 1,0,4
28,DRY,5,3,FLAT-KONDUKTOR 2-3,4,5
28,DRY,5,3,FLAT-KONDUKTOR 4-8,3,6
28,DRY,5,3,FLAT-KONDUKTOR >8,0,7
28,DRY,5,3,SHEET-KONDUKTOR 1,3,8
28,DRY,5,3,SHEET-KONDUKTOR 2-3,2,9
28,DRY,5,3,ROUND-KONDUKTOR 1,3,12
28,DRY,5,3,ROUND-KONDUKTOR 2-3,1,13
28,DRY,5,5,TEBAL RAIL COPPER = 10T,0,#N/A
28,DRY,5,5,TEBAL RAIL COPPER < 10T,2,60
28,DRY,5,5,COPPAL BAR,1,61
28,DRY,5,6,DOG BONE,1,65
28,DRY,5,6,INNER,2,63
28,DRY,5,6,OUTER,1,64
28,DRY,5,6,GANJAL ANTAR SECTION,0,66
28,DRY,5,10,KONDUKTOR 1,1,86
28,DRY,5,10,KONDUKTOR 2-3,2,87
28,DRY,5,10,KONDUKTOR 4-6,1,88
28,DRY,5,11,1X PENGISIAN,4,89
28,DRY,5,11,2X PENGISIAN,2,90
28,DRY,5,12,PAKAI AIRWAY STICK,1,91
28,DRY,5,12,TIDAK PAKAI AIRWAY STICK,2,92
28,DRY,5,13,PENGECATAN COIL LV & CURING,1,93
28,DRY,5,13,BUKA BOBIN LV,4,#N/A
28,DRY,5,14,SETTING MOULD,3,95
28,DRY,5,14,MOULDING,1,#N/A
28,DRY,5,14,CASTING 1 X PROSES PENGISIAN,1,#N/A
28,DRY,5,14,CASTING 2 X PROSES PENGISIAN,3,#N/A
28,DRY,5,15,HV,2,#N/A
28,DRY,5,15,LV,0,#N/A
28,DRY,5,16,STACKING OUTSOURCHING,2,#N/A
28,DRY,5,16,STACKING INHOUSE,1,#N/A
28,DRY,5,19,NON-COMPLETE,1,#N/A
28,DRY,5,19,COMPLETE,1,#N/A
28,DRY,5,20,DENGAN BASE,3,#N/A
28,DRY,5,20,TANPA BASE,1,#N/A
28,DRY,5,21,DENGAN BASE,1,#N/A
28,DRY,5,21,TANPA BASE,2,#N/A
28,DRY,5,22,HV / LV (STANDARD),1,#N/A
28,DRY,5,22,HV + LV (STANDARD),1,#N/A
28,DRY,5,22,HV / LV (NON-STANDARD),2,#N/A
28,DRY,5,22,HV + LV (NON-STANDARD),3,#N/A
28,DRY,5,23,PEMBUATAN CU BAR,1,#N/A
28,DRY,5,23,PEMBUATAN KONEKSI HV,1,#N/A
28,DRY,5,23,ASSEMBLY,2,#N/A
28,DRY,5,23,FINISHING,4,#N/A
28,DRY,5,#N/A,FAN,1,#N/A
28,DRY,5,#N/A,OLTC,1,#N/A
28,DRY,5,#N/A,LEM SPACER BLOCK/AIR GAP,1,#N/A
28,DRY,5,25,PULLING BOARD,2,#N/A
28,DRY,5,25,FIXING PART INSULATION,1,#N/A
6,DRY,5,4,FLAT-KONDUKTOR 1,2,4
6,DRY,5,4,FLAT-KONDUKTOR 2-3,1,5
6,DRY,5,4,FLAT-KONDUKTOR 4-8,1,6
6,DRY,5,4,FLAT-KONDUKTOR >8,2,7
6,DRY,5,4,ROUND-KONDUKTOR 1,0,12
6,DRY,5,4,ROUND-KONDUKTOR 2-3,0,13
6,DRY,5,4,ROUND-KONDUKTOR 4-8,3,14
6,DRY,5,4,ROUND-KONDUKTOR >8,0,15
6,DRY,5,3,FLAT-KONDUKTOR 1,0,4
6,DRY,5,3,FLAT-KONDUKTOR 2-3,2,5
6,DRY,5,3,FLAT-KONDUKTOR 4-8,1,6
6,DRY,5,3,FLAT-KONDUKTOR >8,3,7
6,DRY,5,3,SHEET-KONDUKTOR 1,3,8
6,DRY,5,3,SHEET-KONDUKTOR 2-3,3,9
6,DRY,5,3,ROUND-KONDUKTOR 1,2,12
6,DRY,5,3,ROUND-KONDUKTOR 2-3,1,13
6,DRY,5,5,TEBAL RAIL COPPER = 10T,4,#N/A
6,DRY,5,5,TEBAL RAIL COPPER < 10T,1,60
6,DRY,5,5,COPPAL BAR,2,61
6,DRY,5,6,DOG BONE,2,65
6,DRY,5,6,INNER,2,63
6,DRY,5,6,OUTER,4,64
6,DRY,5,6,GANJAL ANTAR SECTION,3,66
6,DRY,5,10,KONDUKTOR 1,3,86
6,DRY,5,10,KONDUKTOR 2-3,1,87
6,DRY,5,10,KONDUKTOR 4-6,4,88
6,DRY,5,11,1X PENGISIAN,3,89
6,DRY,5,11,2X PENGISIAN,2,90
6,DRY,5,12,PAKAI AIRWAY STICK,1,91
6,DRY,5,12,TIDAK PAKAI AIRWAY STICK,2,92
6,DRY,5,13,PENGECATAN COIL LV & CURING,2,93
6,DRY,5,13,BUKA BOBIN LV,2,#N/A
6,DRY,5,14,SETTING MOULD,3,95
6,DRY,5,14,MOULDING,3,#N/A
6,DRY,5,14,CASTING 1 X PROSES PENGISIAN,0,#N/A
6,DRY,5,14,CASTING 2 X PROSES PENGISIAN,0,#N/A
6,DRY,5,15,HV,1,#N/A
6,DRY,5,15,LV,2,#N/A
6,DRY,5,16,STACKING OUTSOURCHING,1,#N/A
6,DRY,5,16,STACKING INHOUSE,0,#N/A
6,DRY,5,19,NON-COMPLETE,0,#N/A
6,DRY,5,19,COMPLETE,4,#N/A
6,DRY,5,20,DENGAN BASE,2,#N/A
6,DRY,5,20,TANPA BASE,1,#N/A
6,DRY,5,21,DENGAN BASE,2,#N/A
6,DRY,5,21,TANPA BASE,3,#N/A
6,DRY,5,22,HV / LV (STANDARD),0,#N/A
6,DRY,5,22,HV + LV (STANDARD),4,#N/A
6,DRY,5,22,HV / LV (NON-STANDARD),0,#N/A
6,DRY,5,22,HV + LV (NON-STANDARD),1,#N/A
6,DRY,5,23,PEMBUATAN CU BAR,0,#N/A
6,DRY,5,23,PEMBUATAN KONEKSI HV,2,#N/A
6,DRY,5,23,ASSEMBLY,2,#N/A
6,DRY,5,23,FINISHING,1,#N/A
6,DRY,5,#N/A,FAN,2,#N/A
6,DRY,5,#N/A,OLTC,2,#N/A
6,DRY,5,#N/A,LEM SPACER BLOCK/AIR GAP,0,#N/A
6,DRY,5,25,PULLING BOARD,1,#N/A
6,DRY,5,25,FIXING PART INSULATION,2,#N/A
44,DRY,5,4,FLAT-KONDUKTOR 1,1,4
44,DRY,5,4,FLAT-KONDUKTOR 2-3,2,5
44,DRY,5,4,FLAT-KONDUKTOR 4-8,2,6
44,DRY,5,4,FLAT-KONDUKTOR >8,2,7
44,DRY,5,4,ROUND-KONDUKTOR 1,2,12
44,DRY,5,4,ROUND-KONDUKTOR 2-3,3,13
44,DRY,5,4,ROUND-KONDUKTOR 4-8,2,14
44,DRY,5,4,ROUND-KONDUKTOR >8,1,15
44,DRY,5,3,FLAT-KONDUKTOR 1,0,4
44,DRY,5,3,FLAT-KONDUKTOR 2-3,1,5
44,DRY,5,3,FLAT-KONDUKTOR 4-8,2,6
44,DRY,5,3,FLAT-KONDUKTOR >8,2,7
44,DRY,5,3,SHEET-KONDUKTOR 1,2,8
44,DRY,5,3,SHEET-KONDUKTOR 2-3,0,9
44,DRY,5,3,ROUND-KONDUKTOR 1,1,12
44,DRY,5,3,ROUND-KONDUKTOR 2-3,2,13
44,DRY,5,5,TEBAL RAIL COPPER = 10T,1,#N/A
44,DRY,5,5,TEBAL RAIL COPPER < 10T,1,60
44,DRY,5,5,COPPAL BAR,1,61
44,DRY,5,6,DOG BONE,0,65
44,DRY,5,6,INNER,3,63
44,DRY,5,6,OUTER,1,64
44,DRY,5,6,GANJAL ANTAR SECTION,3,66
44,DRY,5,10,KONDUKTOR 1,3,86
44,DRY,5,10,KONDUKTOR 2-3,2,87
44,DRY,5,10,KONDUKTOR 4-6,0,88
44,DRY,5,11,1X PENGISIAN,1,89
44,DRY,5,11,2X PENGISIAN,1,90
44,DRY,5,12,PAKAI AIRWAY STICK,3,91
44,DRY,5,12,TIDAK PAKAI AIRWAY STICK,2,92
44,DRY,5,13,PENGECATAN COIL LV & CURING,1,93
44,DRY,5,13,BUKA BOBIN LV,2,#N/A
44,DRY,5,14,SETTING MOULD,0,95
44,DRY,5,14,MOULDING,3,#N/A
44,DRY,5,14,CASTING 1 X PROSES PENGISIAN,2,#N/A
44,DRY,5,14,CASTING 2 X PROSES PENGISIAN,0,#N/A
44,DRY,5,15,HV,2,#N/A
44,DRY,5,15,LV,1,#N/A
44,DRY,5,16,STACKING OUTSOURCHING,4,#N/A
44,DRY,5,16,STACKING INHOUSE,0,#N/A
44,DRY,5,19,NON-COMPLETE,2,#N/A
44,DRY,5,19,COMPLETE,4,#N/A
44,DRY,5,20,DENGAN BASE,2,#N/A
44,DRY,5,20,TANPA BASE,1,#N/A
44,DRY,5,21,DENGAN BASE,2,#N/A
44,DRY,5,21,TANPA BASE,0,#N/A
44,DRY,5,22,HV / LV (STANDARD),1,#N/A
44,DRY,5,22,HV + LV (STANDARD),1,#N/A
44,DRY,5,22,HV / LV (NON-STANDARD),3,#N/A
44,DRY,5,22,HV + LV (NON-STANDARD),0,#N/A
44,DRY,5,23,PEMBUATAN CU BAR,3,#N/A
44,DRY,5,23,PEMBUATAN KONEKSI HV,1,#N/A
44,DRY,5,23,ASSEMBLY,1,#N/A
44,DRY,5,23,FINISHING,0,#N/A
44,DRY,5,#N/A,FAN,3,#N/A
44,DRY,5,#N/A,OLTC,1,#N/A
44,DRY,5,#N/A,LEM SPACER BLOCK/AIR GAP,3,#N/A
44,DRY,5,25,PULLING BOARD,2,#N/A
44,DRY,5,25,FIXING PART INSULATION,1,#N/A
12,DRY,5,4,FLAT-KONDUKTOR 1,1,4
12,DRY,5,4,FLAT-KONDUKTOR 2-3,0,5
12,DRY,5,4,FLAT-KONDUKTOR 4-8,4,6
12,DRY,5,4,FLAT-KONDUKTOR >8,1,7
12,DRY,5,4,ROUND-KONDUKTOR 1,2,12
12,DRY,5,4,ROUND-KONDUKTOR 2-3,2,13
12,DRY,5,4,ROUND-KONDUKTOR 4-8,4,14
12,DRY,5,4,ROUND-KONDUKTOR >8,3,15
12,DRY,5,3,FLAT-KONDUKTOR 1,1,4
12,DRY,5,3,FLAT-KONDUKTOR 2-3,3,5
12,DRY,5,3,FLAT-KONDUKTOR 4-8,3,6
12,DRY,5,3,FLAT-KONDUKTOR >8,0,7
12,DRY,5,3,SHEET-KONDUKTOR 1,1,8
12,DRY,5,3,SHEET-KONDUKTOR 2-3,1,9
12,DRY,5,3,ROUND-KONDUKTOR 1,2,12
12,DRY,5,3,ROUND-KONDUKTOR 2-3,0,13
12,DRY,5,5,TEBAL RAIL COPPER = 10T,1,#N/A
12,DRY,5,5,TEBAL RAIL COPPER < 10T,2,60
12,DRY,5,5,COPPAL BAR,1,61
12,DRY,5,6,DOG BONE,4,65
12,DRY,5,6,INNER,3,63
12,DRY,5,6,OUTER,4,64
12,DRY,5,6,GANJAL ANTAR SECTION,2,66
12,DRY,5,10,KONDUKTOR 1,4,86
12,DRY,5,10,KONDUKTOR 2-3,3,87
12,DRY,5,10,KONDUKTOR 4-6,1,88
12,DRY,5,11,1X PENGISIAN,2,89
12,DRY,5,11,2X PENGISIAN,2,90
12,DRY,5,12,PAKAI AIRWAY STICK,2,91
12,DRY,5,12,TIDAK PAKAI AIRWAY STICK,2,92
12,DRY,5,13,PENGECATAN COIL LV & CURING,4,93
12,DRY,5,13,BUKA BOBIN LV,3,#N/A
12,DRY,5,14,SETTING MOULD,3,95
12,DRY,5,14,MOULDING,1,#N/A
12,DRY,5,14,CASTING 1 X PROSES PENGISIAN,1,#N/A
12,DRY,5,14,CASTING 2 X PROSES PENGISIAN,0,#N/A
12,DRY,5,15,HV,4,#N/A
12,DRY,5,15,LV,1,#N/A
12,DRY,5,16,STACKING OUTSOURCHING,4,#N/A
12,DRY,5,16,STACKING INHOUSE,2,#N/A
12,DRY,5,19,NON-COMPLETE,0,#N/A
12,DRY,5,19,COMPLETE,0,#N/A
12,DRY,5,20,DENGAN BASE,0,#N/A
12,DRY,5,20,TANPA BASE,1,#N/A
12,DRY,5,21,DENGAN BASE,2,#N/A
12,DRY,5,21,TANPA BASE,0,#N/A
12,DRY,5,22,HV / LV (STANDARD),3,#N/A
12,DRY,5,22,HV + LV (STANDARD),1,#N/A
12,DRY,5,22,HV / LV (NON-STANDARD),0,#N/A
12,DRY,5,22,HV + LV (NON-STANDARD),2,#N/A
12,DRY,5,23,PEMBUATAN CU BAR,4,#N/A
12,DRY,5,23,PEMBUATAN KONEKSI HV,2,#N/A
12,DRY,5,23,ASSEMBLY,1,#N/A
12,DRY,5,23,FINISHING,2,#N/A
12,DRY,5,#N/A,FAN,1,#N/A
12,DRY,5,#N/A,OLTC,0,#N/A
12,DRY,5,#N/A,LEM SPACER BLOCK/AIR GAP,1,#N/A
12,DRY,5,25,PULLING BOARD,0,#N/A
12,DRY,5,25,FIXING PART INSULATION,3,#N/A
41,DRY,5,4,FLAT-KONDUKTOR 1,1,4
41,DRY,5,4,FLAT-KONDUKTOR 2-3,2,5
41,DRY,5,4,FLAT-KONDUKTOR 4-8,2,6
41,DRY,5,4,FLAT-KONDUKTOR >8,2,7
41,DRY,5,4,ROUND-KONDUKTOR 1,3,12
41,DRY,5,4,ROUND-KONDUKTOR 2-3,2,13
41,DRY,5,4,ROUND-KONDUKTOR 4-8,1,14
41,DRY,5,4,ROUND-KONDUKTOR >8,3,15
41,DRY,5,3,FLAT-KONDUKTOR 1,3,4
41,DRY,5,3,FLAT-KONDUKTOR 2-3,2,5
41,DRY,5,3,FLAT-KONDUKTOR 4-8,2,6
41,DRY,5,3,FLAT-KONDUKTOR >8,2,7
41,DRY,5,3,SHEET-KONDUKTOR 1,3,8
41,DRY,5,3,SHEET-KONDUKTOR 2-3,2,9
41,DRY,5,3,ROUND-KONDUKTOR 1,4,12
41,DRY,5,3,ROUND-KONDUKTOR 2-3,1,13
41,DRY,5,5,TEBAL RAIL COPPER = 10T,3,#N/A
41,DRY,5,5,TEBAL RAIL COPPER < 10T,0,60
41,DRY,5,5,COPPAL BAR,2,61
41,DRY,5,6,DOG BONE,0,65
41,DRY,5,6,INNER,2,63
41,DRY,5,6,OUTER,1,64
41,DRY,5,6,GANJAL ANTAR SECTION,1,66
41,DRY,5,10,KONDUKTOR 1,4,86
41,DRY,5,10,KONDUKTOR 2-3,0,87
41,DRY,5,10,KONDUKTOR 4-6,1,88
41,DRY,5,11,1X PENGISIAN,0,89
41,DRY,5,11,2X PENGISIAN,1,90
41,DRY,5,12,PAKAI AIRWAY STICK,1,91
41,DRY,5,12,TIDAK PAKAI AIRWAY STICK,1,92
41,DRY,5,13,PENGECATAN COIL LV & CURING,3,93
41,DRY,5,13,BUKA BOBIN LV,2,#N/A
41,DRY,5,14,SETTING MOULD,1,95
41,DRY,5,14,MOULDING,1,#N/A
41,DRY,5,14,CASTING 1 X PROSES PENGISIAN,1,#N/A
41,DRY,5,14,CASTING 2 X PROSES PENGISIAN,3,#N/A
41,DRY,5,15,HV,3,#N/A
41,DRY,5,15,LV,0,#N/A
41,DRY,5,16,STACKING OUTSOURCHING,1,#N/A
41,DRY,5,16,STACKING INHOUSE,2,#N/A
41,DRY,5,19,NON-COMPLETE,0,#N/A
41,DRY,5,19,COMPLETE,0,#N/A
41,DRY,5,20,DENGAN BASE,3,#N/A
41,DRY,5,20,TANPA BASE,4,#N/A
41,DRY,5,21,DENGAN BASE,0,#N/A
41,DRY,5,21,TANPA BASE,2,#N/A
41,DRY,5,22,HV / LV (STANDARD),2,#N/A
41,DRY,5,22,HV + LV (STANDARD),2,#N/A
41,DRY,5,22,HV / LV (NON-STANDARD),2,#N/A
41,DRY,5,22,HV + LV (NON-STANDARD),1,#N/A
41,DRY,5,23,PEMBUATAN CU BAR,0,#N/A
41,DRY,5,23,PEMBUATAN KONEKSI HV,4,#N/A
41,DRY,5,23,ASSEMBLY,1,#N/A
41,DRY,5,23,FINISHING,1,#N/A
41,DRY,5,#N/A,FAN,1,#N/A
41,DRY,5,#N/A,OLTC,0,#N/A
41,DRY,5,#N/A,LEM SPACER BLOCK/AIR GAP,1,#N/A
41,DRY,5,25,PULLING BOARD,0,#N/A
41,DRY,5,25,FIXING PART INSULATION,2,#N/A
9,DRY,6,4,FLAT-KONDUKTOR 1,3,4
9,DRY,6,4,FLAT-KONDUKTOR 2-3,4,5
9,DRY,6,4,FLAT-KONDUKTOR 4-8,1,6
9,DRY,6,4,FLAT-KONDUKTOR >8,1,7
9,DRY,6,4,SHEET-KONDUKTOR 1,2,8
9,DRY,6,4,SHEET-KONDUKTOR 2-3,1,9
9,DRY,6,4,SHEET-KONDUKTOR 4-8,0,10
9,DRY,6,4,SHEET-KONDUKTOR >8,3,11
9,DRY,6,4,ROUND-KONDUKTOR 1,3,12
9,DRY,6,4,ROUND-KONDUKTOR 2-3,1,13
9,DRY,6,4,ROUND-KONDUKTOR 4-8,3,14
9,DRY,6,4,ROUND-KONDUKTOR >8,0,15
9,DRY,6,3,FLAT-KONDUKTOR 1,3,4
9,DRY,6,3,FLAT-KONDUKTOR 2-3,1,5
9,DRY,6,3,FLAT-KONDUKTOR 4-8,4,6
9,DRY,6,3,FLAT-KONDUKTOR >8,4,7
9,DRY,6,3,SHEET-KONDUKTOR 1,2,8
9,DRY,6,3,SHEET-KONDUKTOR 2-3,4,9
9,DRY,6,3,SHEET-KONDUKTOR 4-8,2,10
9,DRY,6,3,SHEET-KONDUKTOR >8,1,11
9,DRY,6,3,ROUND-KONDUKTOR 1,4,12
9,DRY,6,3,ROUND-KONDUKTOR 2-3,4,13
9,DRY,6,3,ROUND-KONDUKTOR 4-8,0,14
9,DRY,6,3,ROUND-KONDUKTOR >8,4,15
9,DRY,6,5,TEBAL RAIL COPPER = 10T,4,#N/A
9,DRY,6,5,TEBAL RAIL COPPER < 10T,4,60
9,DRY,6,5,COPPAL BAR,1,61
9,DRY,6,6,DOG BONE,2,65
9,DRY,6,6,INNER,4,63
9,DRY,6,6,OUTER,2,64
9,DRY,6,8,IMPREGNATION VARNISH,2,85
9,DRY,6,16,WOUND,4,#N/A
9,DRY,6,16,STACKING INHOUSE,2,#N/A
9,DRY,6,16,STACKING OUTSOURCHING,1,#N/A
9,DRY,6,17,FLAT,2,#N/A
9,DRY,6,17,SHEET,4,#N/A
9,DRY,6,17,WIRE SOFT,2,#N/A
9,DRY,6,17,RAIL COPPER,3,#N/A
9,DRY,6,18,FLAT,0,#N/A
9,DRY,6,18,SHEET,1,#N/A
9,DRY,6,18,RAIL COPPER,1,#N/A
9,DRY,6,19,NON-COMPLETE,4,#N/A
9,DRY,6,19,COMPLETE,2,#N/A
9,DRY,6,20,DENGAN BASE,3,#N/A
9,DRY,6,20,TANPA BASE,3,#N/A
9,DRY,6,21,DENGAN BASE,2,#N/A
9,DRY,6,21,TANPA BASE,0,#N/A
9,DRY,6,22,HV / LV (STANDARD),3,#N/A
9,DRY,6,22,HV + LV (STANDARD),3,#N/A
9,DRY,6,22,HV / LV (NON-STANDARD),4,#N/A
9,DRY,6,22,HV + LV (NON-STANDARD),0,#N/A
9,DRY,6,23,PEMBUATAN CU BAR,4,#N/A
9,DRY,6,23,ASSEMBLY STACKING,0,#N/A
9,DRY,6,23,FINISHING,4,#N/A
9,DRY,6,#N/A,FAN,0,#N/A
9,DRY,6,#N/A,OLTC,2,#N/A
9,DRY,6,#N/A,LEM SPACER BLOCK/AIR GAP,4,#N/A
9,DRY,6,#N/A,PULLING BOARD,2,#N/A
9,DRY,6,25,FIXING PART INSULATION,4,#N/A
9,DRY,6,#N/A,ROUTINE TEST,0,#N/A
9,DRY,6,#N/A,SPECIAL TEST,1,#N/A
9,DRY,6,#N/A,TEMPERATURE RISE,4,#N/A
9,DRY,6,#N/A,PD,0,#N/A
18,DRY,6,4,FLAT-KONDUKTOR 1,2,4
18,DRY,6,4,FLAT-KONDUKTOR 2-3,4,5
18,DRY,6,4,FLAT-KONDUKTOR 4-8,0,6
18,DRY,6,4,FLAT-KONDUKTOR >8,1,7
18,DRY,6,4,SHEET-KONDUKTOR 1,3,8
18,DRY,6,4,SHEET-KONDUKTOR 2-3,0,9
18,DRY,6,4,SHEET-KONDUKTOR 4-8,4,10
18,DRY,6,4,SHEET-KONDUKTOR >8,4,11
18,DRY,6,4,ROUND-KONDUKTOR 1,3,12
18,DRY,6,4,ROUND-KONDUKTOR 2-3,2,13
18,DRY,6,4,ROUND-KONDUKTOR 4-8,1,14
18,DRY,6,4,ROUND-KONDUKTOR >8,1,15
18,DRY,6,3,FLAT-KONDUKTOR 1,4,4
18,DRY,6,3,FLAT-KONDUKTOR 2-3,4,5
18,DRY,6,3,FLAT-KONDUKTOR 4-8,4,6
18,DRY,6,3,FLAT-KONDUKTOR >8,3,7
18,DRY,6,3,SHEET-KONDUKTOR 1,2,8
18,DRY,6,3,SHEET-KONDUKTOR 2-3,2,9
18,DRY,6,3,SHEET-KONDUKTOR 4-8,0,10
18,DRY,6,3,SHEET-KONDUKTOR >8,4,11
18,DRY,6,3,ROUND-KONDUKTOR 1,4,12
18,DRY,6,3,ROUND-KONDUKTOR 2-3,2,13
18,DRY,6,3,ROUND-KONDUKTOR 4-8,3,14
18,DRY,6,3,ROUND-KONDUKTOR >8,3,15
18,DRY,6,5,TEBAL RAIL COPPER = 10T,1,#N/A
18,DRY,6,5,TEBAL RAIL COPPER < 10T,2,60
18,DRY,6,5,COPPAL BAR,4,61
18,DRY,6,6,DOG BONE,4,65
18,DRY,6,6,INNER,3,63
18,DRY,6,6,OUTER,1,64
18,DRY,6,8,IMPREGNATION VARNISH,2,85
18,DRY,6,16,WOUND,1,#N/A
18,DRY,6,16,STACKING INHOUSE,3,#N/A
18,DRY,6,16,STACKING OUTSOURCHING,2,#N/A
18,DRY,6,17,FLAT,4,#N/A
18,DRY,6,17,SHEET,3,#N/A
18,DRY,6,17,WIRE SOFT,2,#N/A
18,DRY,6,17,RAIL COPPER,1,#N/A
18,DRY,6,18,FLAT,1,#N/A
18,DRY,6,18,SHEET,1,#N/A
18,DRY,6,18,RAIL COPPER,2,#N/A
18,DRY,6,19,NON-COMPLETE,3,#N/A
18,DRY,6,19,COMPLETE,3,#N/A
18,DRY,6,20,DENGAN BASE,4,#N/A
18,DRY,6,20,TANPA BASE,2,#N/A
18,DRY,6,21,DENGAN BASE,3,#N/A
18,DRY,6,21,TANPA BASE,1,#N/A
18,DRY,6,22,HV / LV (STANDARD),1,#N/A
18,DRY,6,22,HV + LV (STANDARD),3,#N/A
18,DRY,6,22,HV / LV (NON-STANDARD),1,#N/A
18,DRY,6,22,HV + LV (NON-STANDARD),1,#N/A
18,DRY,6,23,PEMBUATAN CU BAR,2,#N/A
18,DRY,6,23,ASSEMBLY STACKING,4,#N/A
18,DRY,6,23,FINISHING,0,#N/A
18,DRY,6,#N/A,FAN,0,#N/A
18,DRY,6,#N/A,OLTC,4,#N/A
18,DRY,6,#N/A,LEM SPACER BLOCK/AIR GAP,4,#N/A
18,DRY,6,#N/A,PULLING BOARD,3,#N/A
18,DRY,6,25,FIXING PART INSULATION,1,#N/A
18,DRY,6,#N/A,ROUTINE TEST,1,#N/A
18,DRY,6,#N/A,SPECIAL TEST,4,#N/A
18,DRY,6,#N/A,TEMPERATURE RISE,2,#N/A
18,DRY,6,#N/A,PD,0,#N/A
20,DRY,6,4,FLAT-KONDUKTOR 1,0,4
20,DRY,6,4,FLAT-KONDUKTOR 2-3,1,5
20,DRY,6,4,FLAT-KONDUKTOR 4-8,4,6
20,DRY,6,4,FLAT-KONDUKTOR >8,0,7
20,DRY,6,4,SHEET-KONDUKTOR 1,0,8
20,DRY,6,4,SHEET-KONDUKTOR 2-3,3,9
20,DRY,6,4,SHEET-KONDUKTOR 4-8,3,10
20,DRY,6,4,SHEET-KONDUKTOR >8,0,11
20,DRY,6,4,ROUND-KONDUKTOR 1,1,12
20,DRY,6,4,ROUND-KONDUKTOR 2-3,3,13
20,DRY,6,4,ROUND-KONDUKTOR 4-8,4,14
20,DRY,6,4,ROUND-KONDUKTOR >8,0,15
20,DRY,6,3,FLAT-KONDUKTOR 1,1,4
20,DRY,6,3,FLAT-KONDUKTOR 2-3,1,5
20,DRY,6,3,FLAT-KONDUKTOR 4-8,2,6
20,DRY,6,3,FLAT-KONDUKTOR >8,2,7
20,DRY,6,3,SHEET-KONDUKTOR 1,2,8
20,DRY,6,3,SHEET-KONDUKTOR 2-3,4,9
20,DRY,6,3,SHEET-KONDUKTOR 4-8,0,10
20,DRY,6,3,SHEET-KONDUKTOR >8,2,11
20,DRY,6,3,ROUND-KONDUKTOR 1,4,12
20,DRY,6,3,ROUND-KONDUKTOR 2-3,3,13
20,DRY,6,3,ROUND-KONDUKTOR 4-8,1,14
20,DRY,6,3,ROUND-KONDUKTOR >8,1,15
20,DRY,6,5,TEBAL RAIL COPPER = 10T,1,#N/A
20,DRY,6,5,TEBAL RAIL COPPER < 10T,2,60
20,DRY,6,5,COPPAL BAR,0,61
20,DRY,6,6,DOG BONE,4,65
20,DRY,6,6,INNER,2,63
20,DRY,6,6,OUTER,2,64
20,DRY,6,8,IMPREGNATION VARNISH,2,85
20,DRY,6,16,WOUND,4,#N/A
20,DRY,6,16,STACKING INHOUSE,3,#N/A
20,DRY,6,16,STACKING OUTSOURCHING,2,#N/A
20,DRY,6,17,FLAT,0,#N/A
20,DRY,6,17,SHEET,4,#N/A
20,DRY,6,17,WIRE SOFT,4,#N/A
20,DRY,6,17,RAIL COPPER,0,#N/A
20,DRY,6,18,FLAT,0,#N/A
20,DRY,6,18,SHEET,4,#N/A
20,DRY,6,18,RAIL COPPER,2,#N/A
20,DRY,6,19,NON-COMPLETE,0,#N/A
20,DRY,6,19,COMPLETE,2,#N/A
20,DRY,6,20,DENGAN BASE,2,#N/A
20,DRY,6,20,TANPA BASE,3,#N/A
20,DRY,6,21,DENGAN BASE,2,#N/A
20,DRY,6,21,TANPA BASE,1,#N/A
20,DRY,6,22,HV / LV (STANDARD),1,#N/A
20,DRY,6,22,HV + LV (STANDARD),3,#N/A
20,DRY,6,22,HV / LV (NON-STANDARD),3,#N/A
20,DRY,6,22,HV + LV (NON-STANDARD),1,#N/A
20,DRY,6,23,PEMBUATAN CU BAR,2,#N/A
20,DRY,6,23,ASSEMBLY STACKING,0,#N/A
20,DRY,6,23,FINISHING,3,#N/A
20,DRY,6,#N/A,FAN,0,#N/A
20,DRY,6,#N/A,OLTC,2,#N/A
20,DRY,6,#N/A,LEM SPACER BLOCK/AIR GAP,0,#N/A
20,DRY,6,#N/A,PULLING BOARD,3,#N/A
20,DRY,6,25,FIXING PART INSULATION,3,#N/A
20,DRY,6,#N/A,ROUTINE TEST,0,#N/A
20,DRY,6,#N/A,SPECIAL TEST,1,#N/A
20,DRY,6,#N/A,TEMPERATURE RISE,0,#N/A
20,DRY,6,#N/A,PD,0,#N/A
23,DRY,6,4,FLAT-KONDUKTOR 1,0,4
23,DRY,6,4,FLAT-KONDUKTOR 2-3,4,5
23,DRY,6,4,FLAT-KONDUKTOR 4-8,2,6
23,DRY,6,4,FLAT-KONDUKTOR >8,2,7
23,DRY,6,4,SHEET-KONDUKTOR 1,2,8
23,DRY,6,4,SHEET-KONDUKTOR 2-3,3,9
23,DRY,6,4,SHEET-KONDUKTOR 4-8,0,10
23,DRY,6,4,SHEET-KONDUKTOR >8,4,11
23,DRY,6,4,ROUND-KONDUKTOR 1,1,12
23,DRY,6,4,ROUND-KONDUKTOR 2-3,4,13
23,DRY,6,4,ROUND-KONDUKTOR 4-8,2,14
23,DRY,6,4,ROUND-KONDUKTOR >8,0,15
23,DRY,6,3,FLAT-KONDUKTOR 1,2,4
23,DRY,6,3,FLAT-KONDUKTOR 2-3,0,5
23,DRY,6,3,FLAT-KONDUKTOR 4-8,1,6
23,DRY,6,3,FLAT-KONDUKTOR >8,4,7
23,DRY,6,3,SHEET-KONDUKTOR 1,0,8
23,DRY,6,3,SHEET-KONDUKTOR 2-3,4,9
23,DRY,6,3,SHEET-KONDUKTOR 4-8,0,10
23,DRY,6,3,SHEET-KONDUKTOR >8,4,11
23,DRY,6,3,ROUND-KONDUKTOR 1,1,12
23,DRY,6,3,ROUND-KONDUKTOR 2-3,3,13
23,DRY,6,3,ROUND-KONDUKTOR 4-8,1,14
23,DRY,6,3,ROUND-KONDUKTOR >8,2,15
23,DRY,6,5,TEBAL RAIL COPPER = 10T,1,#N/A
23,DRY,6,5,TEBAL RAIL COPPER < 10T,3,60
23,DRY,6,5,COPPAL BAR,0,61
23,DRY,6,6,DOG BONE,1,65
23,DRY,6,6,INNER,3,63
23,DRY,6,6,OUTER,1,64
23,DRY,6,8,IMPREGNATION VARNISH,4,85
23,DRY,6,16,WOUND,3,#N/A
23,DRY,6,16,STACKING INHOUSE,0,#N/A
23,DRY,6,16,STACKING OUTSOURCHING,3,#N/A
23,DRY,6,17,FLAT,2,#N/A
23,DRY,6,17,SHEET,2,#N/A
23,DRY,6,17,WIRE SOFT,3,#N/A
23,DRY,6,17,RAIL COPPER,2,#N/A
23,DRY,6,18,FLAT,0,#N/A
23,DRY,6,18,SHEET,1,#N/A
23,DRY,6,18,RAIL COPPER,4,#N/A
23,DRY,6,19,NON-COMPLETE,3,#N/A
23,DRY,6,19,COMPLETE,0,#N/A
23,DRY,6,20,DENGAN BASE,0,#N/A
23,DRY,6,20,TANPA BASE,3,#N/A
23,DRY,6,21,DENGAN BASE,1,#N/A
23,DRY,6,21,TANPA BASE,3,#N/A
23,DRY,6,22,HV / LV (STANDARD),1,#N/A
23,DRY,6,22,HV + LV (STANDARD),2,#N/A
23,DRY,6,22,HV / LV (NON-STANDARD),1,#N/A
23,DRY,6,22,HV + LV (NON-STANDARD),2,#N/A
23,DRY,6,23,PEMBUATAN CU BAR,4,#N/A
23,DRY,6,23,ASSEMBLY STACKING,1,#N/A
23,DRY,6,23,FINISHING,3,#N/A
23,DRY,6,#N/A,FAN,1,#N/A
23,DRY,6,#N/A,OLTC,3,#N/A
23,DRY,6,#N/A,LEM SPACER BLOCK/AIR GAP,0,#N/A
23,DRY,6,#N/A,PULLING BOARD,1,#N/A
23,DRY,6,25,FIXING PART INSULATION,0,#N/A
23,DRY,6,#N/A,ROUTINE TEST,4,#N/A
23,DRY,6,#N/A,SPECIAL TEST,4,#N/A
23,DRY,6,#N/A,TEMPERATURE RISE,0,#N/A
23,DRY,6,#N/A,PD,4,#N/A
24,DRY,6,4,FLAT-KONDUKTOR 1,3,4
24,DRY,6,4,FLAT-KONDUKTOR 2-3,3,5
24,DRY,6,4,FLAT-KONDUKTOR 4-8,2,6
24,DRY,6,4,FLAT-KONDUKTOR >8,0,7
24,DRY,6,4,SHEET-KONDUKTOR 1,4,8
24,DRY,6,4,SHEET-KONDUKTOR 2-3,1,9
24,DRY,6,4,SHEET-KONDUKTOR 4-8,4,10
24,DRY,6,4,SHEET-KONDUKTOR >8,3,11
24,DRY,6,4,ROUND-KONDUKTOR 1,3,12
24,DRY,6,4,ROUND-KONDUKTOR 2-3,4,13
24,DRY,6,4,ROUND-KONDUKTOR 4-8,4,14
24,DRY,6,4,ROUND-KONDUKTOR >8,1,15
24,DRY,6,3,FLAT-KONDUKTOR 1,1,4
24,DRY,6,3,FLAT-KONDUKTOR 2-3,0,5
24,DRY,6,3,FLAT-KONDUKTOR 4-8,3,6
24,DRY,6,3,FLAT-KONDUKTOR >8,2,7
24,DRY,6,3,SHEET-KONDUKTOR 1,0,8
24,DRY,6,3,SHEET-KONDUKTOR 2-3,0,9
24,DRY,6,3,SHEET-KONDUKTOR 4-8,1,10
24,DRY,6,3,SHEET-KONDUKTOR >8,3,11
24,DRY,6,3,ROUND-KONDUKTOR 1,1,12
24,DRY,6,3,ROUND-KONDUKTOR 2-3,3,13
24,DRY,6,3,ROUND-KONDUKTOR 4-8,1,14
24,DRY,6,3,ROUND-KONDUKTOR >8,0,15
24,DRY,6,5,TEBAL RAIL COPPER = 10T,2,#N/A
24,DRY,6,5,TEBAL RAIL COPPER < 10T,3,60
24,DRY,6,5,COPPAL BAR,0,61
24,DRY,6,6,DOG BONE,1,65
24,DRY,6,6,INNER,4,63
24,DRY,6,6,OUTER,4,64
24,DRY,6,8,IMPREGNATION VARNISH,2,85
24,DRY,6,16,WOUND,3,#N/A
24,DRY,6,16,STACKING INHOUSE,1,#N/A
24,DRY,6,16,STACKING OUTSOURCHING,1,#N/A
24,DRY,6,17,FLAT,3,#N/A
24,DRY,6,17,SHEET,1,#N/A
24,DRY,6,17,WIRE SOFT,2,#N/A
24,DRY,6,17,RAIL COPPER,1,#N/A
24,DRY,6,18,FLAT,3,#N/A
24,DRY,6,18,SHEET,4,#N/A
24,DRY,6,18,RAIL COPPER,0,#N/A
24,DRY,6,19,NON-COMPLETE,4,#N/A
24,DRY,6,19,COMPLETE,4,#N/A
24,DRY,6,20,DENGAN BASE,0,#N/A
24,DRY,6,20,TANPA BASE,0,#N/A
24,DRY,6,21,DENGAN BASE,3,#N/A
24,DRY,6,21,TANPA BASE,3,#N/A
24,DRY,6,22,HV / LV (STANDARD),3,#N/A
24,DRY,6,22,HV + LV (STANDARD),1,#N/A
24,DRY,6,22,HV / LV (NON-STANDARD),2,#N/A
24,DRY,6,22,HV + LV (NON-STANDARD),4,#N/A
24,DRY,6,23,PEMBUATAN CU BAR,2,#N/A
24,DRY,6,23,ASSEMBLY STACKING,1,#N/A
24,DRY,6,23,FINISHING,2,#N/A
24,DRY,6,#N/A,FAN,1,#N/A
24,DRY,6,#N/A,OLTC,3,#N/A
24,DRY,6,#N/A,LEM SPACER BLOCK/AIR GAP,1,#N/A
24,DRY,6,#N/A,PULLING BOARD,1,#N/A
24,DRY,6,25,FIXING PART INSULATION,0,#N/A
24,DRY,6,#N/A,ROUTINE TEST,1,#N/A
24,DRY,6,#N/A,SPECIAL TEST,3,#N/A
24,DRY,6,#N/A,TEMPERATURE RISE,2,#N/A
24,DRY,6,#N/A,PD,2,#N/A
50,DRY,6,4,FLAT-KONDUKTOR 1,1,4
50,DRY,6,4,FLAT-KONDUKTOR 2-3,2,5
50,DRY,6,4,FLAT-KONDUKTOR 4-8,0,6
50,DRY,6,4,FLAT-KONDUKTOR >8,4,7
50,DRY,6,4,SHEET-KONDUKTOR 1,4,8
50,DRY,6,4,SHEET-KONDUKTOR 2-3,0,9
50,DRY,6,4,SHEET-KONDUKTOR 4-8,4,10
50,DRY,6,4,SHEET-KONDUKTOR >8,2,11
50,DRY,6,4,ROUND-KONDUKTOR 1,3,12
50,DRY,6,4,ROUND-KONDUKTOR 2-3,2,13
50,DRY,6,4,ROUND-KONDUKTOR 4-8,0,14
50,DRY,6,4,ROUND-KONDUKTOR >8,0,15
50,DRY,6,3,FLAT-KONDUKTOR 1,4,4
50,DRY,6,3,FLAT-KONDUKTOR 2-3,2,5
50,DRY,6,3,FLAT-KONDUKTOR 4-8,4,6
50,DRY,6,3,FLAT-KONDUKTOR >8,0,7
50,DRY,6,3,SHEET-KONDUKTOR 1,4,8
50,DRY,6,3,SHEET-KONDUKTOR 2-3,0,9
50,DRY,6,3,SHEET-KONDUKTOR 4-8,0,10
50,DRY,6,3,SHEET-KONDUKTOR >8,0,11
50,DRY,6,3,ROUND-KONDUKTOR 1,3,12
50,DRY,6,3,ROUND-KONDUKTOR 2-3,4,13
50,DRY,6,3,ROUND-KONDUKTOR 4-8,1,14
50,DRY,6,3,ROUND-KONDUKTOR >8,4,15
50,DRY,6,5,TEBAL RAIL COPPER = 10T,3,#N/A
50,DRY,6,5,TEBAL RAIL COPPER < 10T,2,60
50,DRY,6,5,COPPAL BAR,2,61
50,DRY,6,6,DOG BONE,1,65
50,DRY,6,6,INNER,2,63
50,DRY,6,6,OUTER,1,64
50,DRY,6,8,IMPREGNATION VARNISH,0,85
50,DRY,6,16,WOUND,2,#N/A
50,DRY,6,16,STACKING INHOUSE,4,#N/A
50,DRY,6,16,STACKING OUTSOURCHING,3,#N/A
50,DRY,6,17,FLAT,4,#N/A
50,DRY,6,17,SHEET,3,#N/A
50,DRY,6,17,WIRE SOFT,0,#N/A
50,DRY,6,17,RAIL COPPER,1,#N/A
50,DRY,6,18,FLAT,3,#N/A
50,DRY,6,18,SHEET,2,#N/A
50,DRY,6,18,RAIL COPPER,0,#N/A
50,DRY,6,19,NON-COMPLETE,3,#N/A
50,DRY,6,19,COMPLETE,3,#N/A
50,DRY,6,20,DENGAN BASE,2,#N/A
50,DRY,6,20,TANPA BASE,3,#N/A
50,DRY,6,21,DENGAN BASE,1,#N/A
50,DRY,6,21,TANPA BASE,0,#N/A
50,DRY,6,22,HV / LV (STANDARD),2,#N/A
50,DRY,6,22,HV + LV (STANDARD),2,#N/A
50,DRY,6,22,HV / LV (NON-STANDARD),1,#N/A
50,DRY,6,22,HV + LV (NON-STANDARD),0,#N/A
50,DRY,6,23,PEMBUATAN CU BAR,4,#N/A
50,DRY,6,23,ASSEMBLY STACKING,2,#N/A
50,DRY,6,23,FINISHING,3,#N/A
50,DRY,6,#N/A,FAN,0,#N/A
50,DRY,6,#N/A,OLTC,3,#N/A
50,DRY,6,#N/A,LEM SPACER BLOCK/AIR GAP,1,#N/A
50,DRY,6,#N/A,PULLING BOARD,0,#N/A
50,DRY,6,25,FIXING PART INSULATION,3,#N/A
50,DRY,6,#N/A,ROUTINE TEST,0,#N/A
50,DRY,6,#N/A,SPECIAL TEST,2,#N/A
50,DRY,6,#N/A,TEMPERATURE RISE,1,#N/A
50,DRY,6,#N/A,PD,0,#N/A
35,DRY,6,4,FLAT-KONDUKTOR 1,2,4
35,DRY,6,4,FLAT-KONDUKTOR 2-3,2,5
35,DRY,6,4,FLAT-KONDUKTOR 4-8,4,6
35,DRY,6,4,FLAT-KONDUKTOR >8,0,7
35,DRY,6,4,SHEET-KONDUKTOR 1,0,8
35,DRY,6,4,SHEET-KONDUKTOR 2-3,2,9
35,DRY,6,4,SHEET-KONDUKTOR 4-8,0,10
35,DRY,6,4,SHEET-KONDUKTOR >8,3,11
35,DRY,6,4,ROUND-KONDUKTOR 1,0,12
35,DRY,6,4,ROUND-KONDUKTOR 2-3,3,13
35,DRY,6,4,ROUND-KONDUKTOR 4-8,1,14
35,DRY,6,4,ROUND-KONDUKTOR >8,2,15
35,DRY,6,3,FLAT-KONDUKTOR 1,1,4
35,DRY,6,3,FLAT-KONDUKTOR 2-3,1,5
35,DRY,6,3,FLAT-KONDUKTOR 4-8,1,6
35,DRY,6,3,FLAT-KONDUKTOR >8,4,7
35,DRY,6,3,SHEET-KONDUKTOR 1,3,8
35,DRY,6,3,SHEET-KONDUKTOR 2-3,4,9
35,DRY,6,3,SHEET-KONDUKTOR 4-8,2,10
35,DRY,6,3,SHEET-KONDUKTOR >8,0,11
35,DRY,6,3,ROUND-KONDUKTOR 1,3,12
35,DRY,6,3,ROUND-KONDUKTOR 2-3,4,13
35,DRY,6,3,ROUND-KONDUKTOR 4-8,4,14
35,DRY,6,3,ROUND-KONDUKTOR >8,3,15
35,DRY,6,5,TEBAL RAIL COPPER = 10T,3,#N/A
35,DRY,6,5,TEBAL RAIL COPPER < 10T,1,60
35,DRY,6,5,COPPAL BAR,3,61
35,DRY,6,6,DOG BONE,4,65
35,DRY,6,6,INNER,2,63
35,DRY,6,6,OUTER,0,64
35,DRY,6,8,IMPREGNATION VARNISH,3,85
35,DRY,6,16,WOUND,0,#N/A
35,DRY,6,16,STACKING INHOUSE,3,#N/A
35,DRY,6,16,STACKING OUTSOURCHING,0,#N/A
35,DRY,6,17,FLAT,3,#N/A
35,DRY,6,17,SHEET,1,#N/A
35,DRY,6,17,WIRE SOFT,4,#N/A
35,DRY,6,17,RAIL COPPER,1,#N/A
35,DRY,6,18,FLAT,1,#N/A
35,DRY,6,18,SHEET,3,#N/A
35,DRY,6,18,RAIL COPPER,2,#N/A
35,DRY,6,19,NON-COMPLETE,4,#N/A
35,DRY,6,19,COMPLETE,1,#N/A
35,DRY,6,20,DENGAN BASE,3,#N/A
35,DRY,6,20,TANPA BASE,4,#N/A
35,DRY,6,21,DENGAN BASE,2,#N/A
35,DRY,6,21,TANPA BASE,0,#N/A
35,DRY,6,22,HV / LV (STANDARD),4,#N/A
35,DRY,6,22,HV + LV (STANDARD),4,#N/A
35,DRY,6,22,HV / LV (NON-STANDARD),3,#N/A
35,DRY,6,22,HV + LV (NON-STANDARD),4,#N/A
35,DRY,6,23,PEMBUATAN CU BAR,4,#N/A
35,DRY,6,23,ASSEMBLY STACKING,1,#N/A
35,DRY,6,23,FINISHING,1,#N/A
35,DRY,6,#N/A,FAN,3,#N/A
35,DRY,6,#N/A,OLTC,0,#N/A
35,DRY,6,#N/A,LEM SPACER BLOCK/AIR GAP,2,#N/A
35,DRY,6,#N/A,PULLING BOARD,1,#N/A
35,DRY,6,25,FIXING PART INSULATION,3,#N/A
35,DRY,6,#N/A,ROUTINE TEST,1,#N/A
35,DRY,6,#N/A,SPECIAL TEST,0,#N/A
35,DRY,6,#N/A,TEMPERATURE RISE,3,#N/A
35,DRY,6,#N/A,PD,3,#N/A
33,DRY,6,4,FLAT-KONDUKTOR 1,2,4
33,DRY,6,4,FLAT-KONDUKTOR 2-3,4,5
33,DRY,6,4,FLAT-KONDUKTOR 4-8,3,6
33,DRY,6,4,FLAT-KONDUKTOR >8,1,7
33,DRY,6,4,SHEET-KONDUKTOR 1,3,8
33,DRY,6,4,SHEET-KONDUKTOR 2-3,3,9
33,DRY,6,4,SHEET-KONDUKTOR 4-8,1,10
33,DRY,6,4,SHEET-KONDUKTOR >8,0,11
33,DRY,6,4,ROUND-KONDUKTOR 1,1,12
33,DRY,6,4,ROUND-KONDUKTOR 2-3,4,13
33,DRY,6,4,ROUND-KONDUKTOR 4-8,3,14
33,DRY,6,4,ROUND-KONDUKTOR >8,2,15
33,DRY,6,3,FLAT-KONDUKTOR 1,2,4
33,DRY,6,3,FLAT-KONDUKTOR 2-3,2,5
33,DRY,6,3,FLAT-KONDUKTOR 4-8,3,6
33,DRY,6,3,FLAT-KONDUKTOR >8,3,7
33,DRY,6,3,SHEET-KONDUKTOR 1,1,8
33,DRY,6,3,SHEET-KONDUKTOR 2-3,4,9
33,DRY,6,3,SHEET-KONDUKTOR 4-8,3,10
33,DRY,6,3,SHEET-KONDUKTOR >8,2,11
33,DRY,6,3,ROUND-KONDUKTOR 1,4,12
33,DRY,6,3,ROUND-KONDUKTOR 2-3,4,13
33,DRY,6,3,ROUND-KONDUKTOR 4-8,2,14
33,DRY,6,3,ROUND-KONDUKTOR >8,3,15
33,DRY,6,5,TEBAL RAIL COPPER = 10T,4,#N/A
33,DRY,6,5,TEBAL RAIL COPPER < 10T,2,60
33,DRY,6,5,COPPAL BAR,2,61
33,DRY,6,6,DOG BONE,0,65
33,DRY,6,6,INNER,1,63
33,DRY,6,6,OUTER,4,64
33,DRY,6,8,IMPREGNATION VARNISH,2,85
33,DRY,6,16,WOUND,0,#N/A
33,DRY,6,16,STACKING INHOUSE,3,#N/A
33,DRY,6,16,STACKING OUTSOURCHING,2,#N/A
33,DRY,6,17,FLAT,3,#N/A
33,DRY,6,17,SHEET,0,#N/A
33,DRY,6,17,WIRE SOFT,4,#N/A
33,DRY,6,17,RAIL COPPER,2,#N/A
33,DRY,6,18,FLAT,3,#N/A
33,DRY,6,18,SHEET,2,#N/A
33,DRY,6,18,RAIL COPPER,2,#N/A
33,DRY,6,19,NON-COMPLETE,2,#N/A
33,DRY,6,19,COMPLETE,1,#N/A
33,DRY,6,20,DENGAN BASE,1,#N/A
33,DRY,6,20,TANPA BASE,3,#N/A
33,DRY,6,21,DENGAN BASE,4,#N/A
33,DRY,6,21,TANPA BASE,2,#N/A
33,DRY,6,22,HV / LV (STANDARD),2,#N/A
33,DRY,6,22,HV + LV (STANDARD),2,#N/A
33,DRY,6,22,HV / LV (NON-STANDARD),2,#N/A
33,DRY,6,22,HV + LV (NON-STANDARD),3,#N/A
33,DRY,6,23,PEMBUATAN CU BAR,0,#N/A
33,DRY,6,23,ASSEMBLY STACKING,1,#N/A
33,DRY,6,23,FINISHING,0,#N/A
33,DRY,6,#N/A,FAN,0,#N/A
33,DRY,6,#N/A,OLTC,4,#N/A
33,DRY,6,#N/A,LEM SPACER BLOCK/AIR GAP,4,#N/A
33,DRY,6,#N/A,PULLING BOARD,1,#N/A
33,DRY,6,25,FIXING PART INSULATION,0,#N/A
33,DRY,6,#N/A,ROUTINE TEST,0,#N/A
33,DRY,6,#N/A,SPECIAL TEST,4,#N/A
33,DRY,6,#N/A,TEMPERATURE RISE,2,#N/A
33,DRY,6,#N/A,PD,0,#N/A
43,DRY,6,4,FLAT-KONDUKTOR 1,1,4
43,DRY,6,4,FLAT-KONDUKTOR 2-3,4,5
43,DRY,6,4,FLAT-KONDUKTOR 4-8,0,6
43,DRY,6,4,FLAT-KONDUKTOR >8,3,7
43,DRY,6,4,SHEET-KONDUKTOR 1,2,8
43,DRY,6,4,SHEET-KONDUKTOR 2-3,1,9
43,DRY,6,4,SHEET-KONDUKTOR 4-8,3,10
43,DRY,6,4,SHEET-KONDUKTOR >8,3,11
43,DRY,6,4,ROUND-KONDUKTOR 1,4,12
43,DRY,6,4,ROUND-KONDUKTOR 2-3,4,13
43,DRY,6,4,ROUND-KONDUKTOR 4-8,3,14
43,DRY,6,4,ROUND-KONDUKTOR >8,0,15
43,DRY,6,3,FLAT-KONDUKTOR 1,0,4
43,DRY,6,3,FLAT-KONDUKTOR 2-3,2,5
43,DRY,6,3,FLAT-KONDUKTOR 4-8,3,6
43,DRY,6,3,FLAT-KONDUKTOR >8,2,7
43,DRY,6,3,SHEET-KONDUKTOR 1,3,8
43,DRY,6,3,SHEET-KONDUKTOR 2-3,2,9
43,DRY,6,3,SHEET-KONDUKTOR 4-8,3,10
43,DRY,6,3,SHEET-KONDUKTOR >8,3,11
43,DRY,6,3,ROUND-KONDUKTOR 1,2,12
43,DRY,6,3,ROUND-KONDUKTOR 2-3,2,13
43,DRY,6,3,ROUND-KONDUKTOR 4-8,3,14
43,DRY,6,3,ROUND-KONDUKTOR >8,1,15
43,DRY,6,5,TEBAL RAIL COPPER = 10T,1,#N/A
43,DRY,6,5,TEBAL RAIL COPPER < 10T,1,60
43,DRY,6,5,COPPAL BAR,0,61
43,DRY,6,6,DOG BONE,3,65
43,DRY,6,6,INNER,2,63
43,DRY,6,6,OUTER,0,64
43,DRY,6,8,IMPREGNATION VARNISH,4,85
43,DRY,6,16,WOUND,4,#N/A
43,DRY,6,16,STACKING INHOUSE,2,#N/A
43,DRY,6,16,STACKING OUTSOURCHING,1,#N/A
43,DRY,6,17,FLAT,0,#N/A
43,DRY,6,17,SHEET,3,#N/A
43,DRY,6,17,WIRE SOFT,2,#N/A
43,DRY,6,17,RAIL COPPER,2,#N/A
43,DRY,6,18,FLAT,3,#N/A
43,DRY,6,18,SHEET,2,#N/A
43,DRY,6,18,RAIL COPPER,2,#N/A
43,DRY,6,19,NON-COMPLETE,0,#N/A
43,DRY,6,19,COMPLETE,4,#N/A
43,DRY,6,20,DENGAN BASE,1,#N/A
43,DRY,6,20,TANPA BASE,0,#N/A
43,DRY,6,21,DENGAN BASE,2,#N/A
43,DRY,6,21,TANPA BASE,0,#N/A
43,DRY,6,22,HV / LV (STANDARD),3,#N/A
43,DRY,6,22,HV + LV (STANDARD),1,#N/A
43,DRY,6,22,HV / LV (NON-STANDARD),1,#N/A
43,DRY,6,22,HV + LV (NON-STANDARD),4,#N/A
43,DRY,6,23,PEMBUATAN CU BAR,3,#N/A
43,DRY,6,23,ASSEMBLY STACKING,2,#N/A
43,DRY,6,23,FINISHING,1,#N/A
43,DRY,6,#N/A,FAN,1,#N/A
43,DRY,6,#N/A,OLTC,2,#N/A
43,DRY,6,#N/A,LEM SPACER BLOCK/AIR GAP,3,#N/A
43,DRY,6,#N/A,PULLING BOARD,3,#N/A
43,DRY,6,25,FIXING PART INSULATION,1,#N/A
43,DRY,6,#N/A,ROUTINE TEST,0,#N/A
43,DRY,6,#N/A,SPECIAL TEST,4,#N/A
43,DRY,6,#N/A,TEMPERATURE RISE,4,#N/A
43,DRY,6,#N/A,PD,3,#N/A
60,DRY,6,4,FLAT-KONDUKTOR 1,3,4
60,DRY,6,4,FLAT-KONDUKTOR 2-3,1,5
60,DRY,6,4,FLAT-KONDUKTOR 4-8,1,6
60,DRY,6,4,FLAT-KONDUKTOR >8,0,7
60,DRY,6,4,SHEET-KONDUKTOR 1,4,8
60,DRY,6,4,SHEET-KONDUKTOR 2-3,0,9
60,DRY,6,4,SHEET-KONDUKTOR 4-8,3,10
60,DRY,6,4,SHEET-KONDUKTOR >8,4,11
60,DRY,6,4,ROUND-KONDUKTOR 1,3,12
60,DRY,6,4,ROUND-KONDUKTOR 2-3,0,13
60,DRY,6,4,ROUND-KONDUKTOR 4-8,0,14
60,DRY,6,4,ROUND-KONDUKTOR >8,4,15
60,DRY,6,3,FLAT-KONDUKTOR 1,4,4
60,DRY,6,3,FLAT-KONDUKTOR 2-3,1,5
60,DRY,6,3,FLAT-KONDUKTOR 4-8,3,6
60,DRY,6,3,FLAT-KONDUKTOR >8,1,7
60,DRY,6,3,SHEET-KONDUKTOR 1,2,8
60,DRY,6,3,SHEET-KONDUKTOR 2-3,1,9
60,DRY,6,3,SHEET-KONDUKTOR 4-8,4,10
60,DRY,6,3,SHEET-KONDUKTOR >8,0,11
60,DRY,6,3,ROUND-KONDUKTOR 1,3,12
60,DRY,6,3,ROUND-KONDUKTOR 2-3,1,13
60,DRY,6,3,ROUND-KONDUKTOR 4-8,3,14
60,DRY,6,3,ROUND-KONDUKTOR >8,1,15
60,DRY,6,5,TEBAL RAIL COPPER = 10T,4,#N/A
60,DRY,6,5,TEBAL RAIL COPPER < 10T,4,60
60,DRY,6,5,COPPAL BAR,2,61
60,DRY,6,6,DOG BONE,3,65
60,DRY,6,6,INNER,0,63
60,DRY,6,6,OUTER,4,64
60,DRY,6,8,IMPREGNATION VARNISH,2,85
60,DRY,6,16,WOUND,4,#N/A
60,DRY,6,16,STACKING INHOUSE,4,#N/A
60,DRY,6,16,STACKING OUTSOURCHING,2,#N/A
60,DRY,6,17,FLAT,2,#N/A
60,DRY,6,17,SHEET,1,#N/A
60,DRY,6,17,WIRE SOFT,3,#N/A
60,DRY,6,17,RAIL COPPER,2,#N/A
60,DRY,6,18,FLAT,1,#N/A
60,DRY,6,18,SHEET,3,#N/A
60,DRY,6,18,RAIL COPPER,0,#N/A
60,DRY,6,19,NON-COMPLETE,4,#N/A
60,DRY,6,19,COMPLETE,1,#N/A
60,DRY,6,20,DENGAN BASE,1,#N/A
60,DRY,6,20,TANPA BASE,4,#N/A
60,DRY,6,21,DENGAN BASE,3,#N/A
60,DRY,6,21,TANPA BASE,2,#N/A
60,DRY,6,22,HV / LV (STANDARD),2,#N/A
60,DRY,6,22,HV + LV (STANDARD),0,#N/A
60,DRY,6,22,HV / LV (NON-STANDARD),2,#N/A
60,DRY,6,22,HV + LV (NON-STANDARD),1,#N/A
60,DRY,6,23,PEMBUATAN CU BAR,2,#N/A
60,DRY,6,23,ASSEMBLY STACKING,4,#N/A
60,DRY,6,23,FINISHING,2,#N/A
60,DRY,6,#N/A,FAN,4,#N/A
60,DRY,6,#N/A,OLTC,4,#N/A
60,DRY,6,#N/A,LEM SPACER BLOCK/AIR GAP,4,#N/A
60,DRY,6,#N/A,PULLING BOARD,0,#N/A
60,DRY,6,25,FIXING PART INSULATION,4,#N/A
60,DRY,6,#N/A,ROUTINE TEST,3,#N/A
60,DRY,6,#N/A,SPECIAL TEST,3,#N/A
60,DRY,6,#N/A,TEMPERATURE RISE,4,#N/A
60,DRY,6,#N/A,PD,0,#N/A
